Plants, soil_type,group,treat,subgroup,genotype,weight
1,DS,DT,S,DT_S,cpc,122.9
2,DS,DT,S,DT_S,cpc,106.9
3,DS,DT,S,DT_S,cpc,116.9
4,DS,DT,S,DT_S,cpc,99.6
5,DS,DT,S,DT_S,cpc,66.9
6,DS,DT,S,DT_S,cpc,157.8
7,DS,DT,S,DT_S,cpc,160.2
8,DS,DT,S,DT_S,cpc,179.9
9,DS,DT,S,DT_S,cpc,59.9
10,DS,DT,S,DT_S,cpc,157.7
11,DS,DT,S,DT_S,cpc,84.8
12,DS,DT,S,DT_S,cpc,191
13,DS,DT,S,DT_S,cpc,151.5
14,DS,DT,S,DT_S,cpc,94.4
15,DS,DT,S,DT_S,cpc,151.7
16,DS,DT,S,DT_S,cpc,172.7
17,DS,DT,S,DT_S,cpc,89.8
18,DS,DT,S,DT_S,cpc,235.7
19,DS,DT,S,DT_S,cpc,160.2
20,DS,DT,S,DT_S,cpc,146.3
21,DS,DT,S,DT_S,wer,138.7
22,DS,DT,S,DT_S,wer,132.9
23,DS,DT,S,DT_S,wer,100.4
24,DS,DT,S,DT_S,wer,147.3
25,DS,DT,S,DT_S,wer,150.6
26,DS,DT,S,DT_S,wer,120.1
27,DS,DT,S,DT_S,wer,144
28,DS,DT,S,DT_S,wer,94.9
29,DS,DT,S,DT_S,wer,163.9
30,DS,DT,S,DT_S,wer,177.8
31,DS,DT,S,DT_S,wer,153.1
32,DS,DT,S,DT_S,wer,174.7
33,DS,DT,S,DT_S,wer,167.4
34,DS,DT,S,DT_S,wer,155.3
35,DS,DT,S,DT_S,wer,111.9
36,DS,DT,S,DT_S,wer,163.4
37,DS,DT,S,DT_S,wer,182.8
38,DS,DT,S,DT_S,wer,151.2
39,DS,DT,S,DT_S,wer,116.8
40,DS,DT,S,DT_S,wer,160.8
41,DS,DT,S,DT_S,rhd7,195.1
42,DS,DT,S,DT_S,rhd7,255.3
43,DS,DT,S,DT_S,rhd7,146.5
44,DS,DT,S,DT_S,rhd7,153.5
45,DS,DT,S,DT_S,rhd7,152
46,DS,DT,S,DT_S,rhd7,112.5
47,DS,DT,S,DT_S,rhd7,209.1
48,DS,DT,S,DT_S,rhd7,241.7
49,DS,DT,S,DT_S,rhd7,146.2
50,DS,DT,S,DT_S,rhd7,189.2
51,DS,DT,S,DT_S,rhd7,133.9
52,DS,DT,S,DT_S,rhd7,198.3
53,DS,DT,S,DT_S,rhd7,148.3
54,DS,DT,S,DT_S,rhd7,121.9
55,DS,DT,S,DT_S,rhd7,156.9
56,DS,DT,S,DT_S,rhd7,160.3
57,DS,DT,S,DT_S,rhd7,216
58,DS,DT,S,DT_S,rhd7,204.4
59,DS,DT,S,DT_S,rhd7,151.8
60,DS,DT,S,DT_S,rhd7,146.5
61,DS,DT,S,DT_S,gl2,123.5
62,DS,DT,S,DT_S,gl2,106.9
63,DS,DT,S,DT_S,gl2,117.3
64,DS,DT,S,DT_S,gl2,124.6
65,DS,DT,S,DT_S,gl2,180.4
66,DS,DT,S,DT_S,gl2,215.8
67,DS,DT,S,DT_S,gl2,179.8
68,DS,DT,S,DT_S,gl2,176.1
69,DS,DT,S,DT_S,gl2,172.9
70,DS,DT,S,DT_S,gl2,188.7
71,DS,DT,S,DT_S,gl2,192.6
72,DS,DT,S,DT_S,gl2,147
73,DS,DT,S,DT_S,gl2,175.9
74,DS,DT,S,DT_S,gl2,216.4
75,DS,DT,S,DT_S,gl2,132.3
76,DS,DT,S,DT_S,gl2,190.1
77,DS,DT,S,DT_S,gl2,174.9
78,DS,DT,S,DT_S,gl2,216
79,DS,DT,S,DT_S,gl2,178.9
80,DS,DT,S,DT_S,gl2,146.8
81,DS,DT,S,DT_S,rsl2rsl4,232.3
82,DS,DT,S,DT_S,rsl2rsl4,172.3
83,DS,DT,S,DT_S,rsl2rsl4,180
84,DS,DT,S,DT_S,rsl2rsl4,208.2
85,DS,DT,S,DT_S,rsl2rsl4,185.4
86,DS,DT,S,DT_S,rsl2rsl4,233.3
87,DS,DT,S,DT_S,rsl2rsl4,178.9
88,DS,DT,S,DT_S,rsl2rsl4,217.2
89,DS,DT,S,DT_S,rsl2rsl4,152.5
90,DS,DT,S,DT_S,rsl2rsl4,112.4
91,DS,DT,S,DT_S,rsl2rsl4,162
92,DS,DT,S,DT_S,rsl2rsl4,163
93,DS,DT,S,DT_S,rsl2rsl4,150.4
94,DS,DT,S,DT_S,rsl2rsl4,208.4
95,DS,DT,S,DT_S,rsl2rsl4,161.3
96,DS,DT,S,DT_S,rsl2rsl4,114.7
97,DS,DT,S,DT_S,rsl2rsl4,209.1
98,DS,DT,S,DT_S,rsl2rsl4,245.7
99,DS,DT,S,DT_S,rsl2rsl4,259.6
100,DS,DT,S,DT_S,rsl2rsl4,153.4
101,DS,DT,S,DT_S,Col_0,107.4
102,DS,DT,S,DT_S,Col_0,173.3
103,DS,DT,S,DT_S,Col_0,218.4
104,DS,DT,S,DT_S,Col_0,116.3
105,DS,DT,S,DT_S,Col_0,175.7
106,DS,DT,S,DT_S,Col_0,163.3
107,DS,DT,S,DT_S,Col_0,121.6
108,DS,DT,S,DT_S,Col_0,127.1
109,DS,DT,S,DT_S,Col_0,151.6
110,DS,DT,S,DT_S,Col_0,154.7
111,DS,DT,S,DT_S,Col_0,124.4
112,DS,DT,S,DT_S,Col_0,118.1
113,DS,DT,S,DT_S,Col_0,108.6
114,DS,DT,S,DT_S,Col_0,117.5
115,DS,DT,S,DT_S,Col_0,97.9
116,DS,DT,S,DT_S,Col_0,123.3
117,DS,DT,S,DT_S,Col_0,188.4
118,DS,DT,S,DT_S,Col_0,120
119,DS,DT,S,DT_S,Col_0,74.3
120,DS,DT,S,DT_S,Col_0,110.5
121,DS,WT,S,WT_S,rhd7,217.6
122,DS,WT,S,WT_S,rhd7,327.4
123,DS,WT,S,WT_S,rhd7,303.3
124,DS,WT,S,WT_S,rhd7,182.9
125,DS,WT,S,WT_S,rhd7,303.9
126,DS,WT,S,WT_S,rhd7,285.7
127,DS,WT,S,WT_S,rhd7,236.5
128,DS,WT,S,WT_S,rhd7,281.1
129,DS,WT,S,WT_S,rhd7,240.6
130,DS,WT,S,WT_S,rhd7,235.4
131,DS,WT,S,WT_S,rhd7,321.5
132,DS,WT,S,WT_S,rhd7,316.2
133,DS,WT,S,WT_S,rhd7,277.5
134,DS,WT,S,WT_S,rhd7,323.8
135,DS,WT,S,WT_S,rhd7,316.9
136,DS,WT,S,WT_S,rhd7,178.3
137,DS,WT,S,WT_S,cpc,397
138,DS,WT,S,WT_S,cpc,380.1
139,DS,WT,S,WT_S,cpc,390.9
140,DS,WT,S,WT_S,cpc,147
141,DS,WT,S,WT_S,cpc,323.7
142,DS,WT,S,WT_S,cpc,301
143,DS,WT,S,WT_S,cpc,186.8
144,DS,WT,S,WT_S,cpc,283.6
145,DS,WT,S,WT_S,cpc,404.2
146,DS,WT,S,WT_S,cpc,206.2
147,DS,WT,S,WT_S,cpc,373.9
148,DS,WT,S,WT_S,cpc,305.4
149,DS,WT,S,WT_S,cpc,384.9
150,DS,WT,S,WT_S,cpc,365
151,DS,WT,S,WT_S,cpc,245.3
152,DS,WT,S,WT_S,cpc,340.5
153,DS,WT,S,WT_S,wer,240.3
154,DS,WT,S,WT_S,wer,254.3
155,DS,WT,S,WT_S,wer,321.8
156,DS,WT,S,WT_S,wer,201.7
157,DS,WT,S,WT_S,wer,296.8
158,DS,WT,S,WT_S,wer,333
159,DS,WT,S,WT_S,wer,291.6
160,DS,WT,S,WT_S,wer,331.8
161,DS,WT,S,WT_S,wer,270.2
162,DS,WT,S,WT_S,wer,250.1
163,DS,WT,S,WT_S,wer,262.6
164,DS,WT,S,WT_S,wer,230.3
165,DS,WT,S,WT_S,wer,296.5
166,DS,WT,S,WT_S,wer,297.9
167,DS,WT,S,WT_S,wer,272.2
168,DS,WT,S,WT_S,wer,279.2
169,DS,WT,S,WT_S,rsl2rsl4,367.8
170,DS,WT,S,WT_S,rsl2rsl4,245.4
171,DS,WT,S,WT_S,rsl2rsl4,349.9
172,DS,WT,S,WT_S,rsl2rsl4,328.9
173,DS,WT,S,WT_S,rsl2rsl4,318.6
174,DS,WT,S,WT_S,rsl2rsl4,310.7
175,DS,WT,S,WT_S,rsl2rsl4,331.7
176,DS,WT,S,WT_S,rsl2rsl4,351.4
177,DS,WT,S,WT_S,rsl2rsl4,239.5
178,DS,WT,S,WT_S,rsl2rsl4,334.8
179,DS,WT,S,WT_S,rsl2rsl4,347.9
180,DS,WT,S,WT_S,rsl2rsl4,325.4
181,DS,WT,S,WT_S,rsl2rsl4,297.9
182,DS,WT,S,WT_S,rsl2rsl4,255.5
183,DS,WT,S,WT_S,rsl2rsl4,342.4
184,DS,WT,S,WT_S,rsl2rsl4,324.5
185,DS,WT,S,WT_S,Col_0,382
186,DS,WT,S,WT_S,Col_0,168.6
187,DS,WT,S,WT_S,Col_0,248.3
188,DS,WT,S,WT_S,Col_0,275
189,DS,WT,S,WT_S,Col_0,289.7
190,DS,WT,S,WT_S,Col_0,372
191,DS,WT,S,WT_S,Col_0,323.7
192,DS,WT,S,WT_S,Col_0,309.2
193,DS,WT,S,WT_S,Col_0,263.3
194,DS,WT,S,WT_S,Col_0,320.6
195,DS,WT,S,WT_S,Col_0,300.1
196,DS,WT,S,WT_S,Col_0,258.8
197,DS,WT,S,WT_S,Col_0,347.6
198,DS,WT,S,WT_S,Col_0,301.5
199,DS,WT,S,WT_S,Col_0,322.4
200,DS,WT,S,WT_S,Col_0,250.7
201,DS,WT,S,WT_S,gl2,249.2
202,DS,WT,S,WT_S,gl2,279.6
203,DS,WT,S,WT_S,gl2,318.4
204,DS,WT,S,WT_S,gl2,346.1
205,DS,WT,S,WT_S,gl2,358.4
206,DS,WT,S,WT_S,gl2,299.6
207,DS,WT,S,WT_S,gl2,400.4
208,DS,WT,S,WT_S,gl2,279
209,DS,WT,S,WT_S,gl2,424.6
210,DS,WT,S,WT_S,gl2,314.9
211,DS,WT,S,WT_S,gl2,251.9
212,DS,WT,S,WT_S,gl2,306.3
213,DS,WT,S,WT_S,gl2,313.8
214,DS,WT,S,WT_S,gl2,347.5
215,DS,WT,S,WT_S,gl2,335.4
216,DS,WT,S,WT_S,gl2,343.4
217,DS,DT,NS,DT_NS,Col_0,197.1
218,DS,DT,NS,DT_NS,Col_0,110.5
219,DS,DT,NS,DT_NS,Col_0,140.9
220,DS,DT,NS,DT_NS,Col_0,218.8
221,DS,DT,NS,DT_NS,Col_0,87.7
222,DS,DT,NS,DT_NS,Col_0,119.3
223,DS,DT,NS,DT_NS,Col_0,128
224,DS,DT,NS,DT_NS,Col_0,130.1
225,DS,DT,NS,DT_NS,Col_0,162.6
226,DS,DT,NS,DT_NS,Col_0,146.2
227,DS,DT,NS,DT_NS,Col_0,197
228,DS,DT,NS,DT_NS,Col_0,89.8
229,DS,DT,NS,DT_NS,Col_0,87.3
230,DS,DT,NS,DT_NS,Col_0,181.7
231,DS,DT,NS,DT_NS,Col_0,105.9
232,DS,DT,NS,DT_NS,Col_0,114.1
233,DS,DT,NS,DT_NS,Col_0,105.2
234,DS,DT,NS,DT_NS,Col_0,147.6
235,DS,DT,NS,DT_NS,Col_0,141
236,DS,DT,NS,DT_NS,Col_0,197.9
237,DS,DT,NS,DT_NS,cpc,34.4
238,DS,DT,NS,DT_NS,cpc,216.4
239,DS,DT,NS,DT_NS,cpc,170.4
240,DS,DT,NS,DT_NS,cpc,160.2
241,DS,DT,NS,DT_NS,cpc,115
242,DS,DT,NS,DT_NS,cpc,127
243,DS,DT,NS,DT_NS,cpc,112
244,DS,DT,NS,DT_NS,cpc,202.9
245,DS,DT,NS,DT_NS,cpc,223.8
246,DS,DT,NS,DT_NS,cpc,129.6
247,DS,DT,NS,DT_NS,cpc,128.1
248,DS,DT,NS,DT_NS,cpc,126.5
249,DS,DT,NS,DT_NS,cpc,90.1
250,DS,DT,NS,DT_NS,cpc,150.5
251,DS,DT,NS,DT_NS,cpc,203.6
252,DS,DT,NS,DT_NS,cpc,135.5
253,DS,DT,NS,DT_NS,cpc,209.5
254,DS,DT,NS,DT_NS,cpc,234.5
255,DS,DT,NS,DT_NS,cpc,166
256,DS,DT,NS,DT_NS,cpc,175.4
257,DS,DT,NS,DT_NS,gl2,184.1
258,DS,DT,NS,DT_NS,gl2,152.3
259,DS,DT,NS,DT_NS,gl2,171.8
260,DS,DT,NS,DT_NS,gl2,89.8
261,DS,DT,NS,DT_NS,gl2,106.6
262,DS,DT,NS,DT_NS,gl2,114.5
263,DS,DT,NS,DT_NS,gl2,122.6
264,DS,DT,NS,DT_NS,gl2,165.7
265,DS,DT,NS,DT_NS,gl2,237.5
266,DS,DT,NS,DT_NS,gl2,192.8
267,DS,DT,NS,DT_NS,gl2,85.4
268,DS,DT,NS,DT_NS,gl2,128.9
269,DS,DT,NS,DT_NS,gl2,114.6
270,DS,DT,NS,DT_NS,gl2,148.9
271,DS,DT,NS,DT_NS,gl2,143.7
272,DS,DT,NS,DT_NS,gl2,182.1
273,DS,DT,NS,DT_NS,gl2,119.4
274,DS,DT,NS,DT_NS,gl2,166
275,DS,DT,NS,DT_NS,gl2,67.7
276,DS,DT,NS,DT_NS,gl2,82.5
277,DS,DT,NS,DT_NS,rsl2rsl4,328.5
278,DS,DT,NS,DT_NS,rsl2rsl4,305.5
279,DS,DT,NS,DT_NS,rsl2rsl4,244
280,DS,DT,NS,DT_NS,rsl2rsl4,268.5
281,DS,DT,NS,DT_NS,rsl2rsl4,191.7
282,DS,DT,NS,DT_NS,rsl2rsl4,186.6
283,DS,DT,NS,DT_NS,rsl2rsl4,129.5
284,DS,DT,NS,DT_NS,rsl2rsl4,201.2
285,DS,DT,NS,DT_NS,rsl2rsl4,173.3
286,DS,DT,NS,DT_NS,rsl2rsl4,192.1
287,DS,DT,NS,DT_NS,rsl2rsl4,238.6
288,DS,DT,NS,DT_NS,rsl2rsl4,108.6
289,DS,DT,NS,DT_NS,rsl2rsl4,181.1
290,DS,DT,NS,DT_NS,rsl2rsl4,211.3
291,DS,DT,NS,DT_NS,rsl2rsl4,170.5
292,DS,DT,NS,DT_NS,rsl2rsl4,216
293,DS,DT,NS,DT_NS,rsl2rsl4,141.8
294,DS,DT,NS,DT_NS,rsl2rsl4,228.5
295,DS,DT,NS,DT_NS,rsl2rsl4,196.4
296,DS,DT,NS,DT_NS,rsl2rsl4,217.7
297,DS,DT,NS,DT_NS,rhd7,137.7
298,DS,DT,NS,DT_NS,rhd7,121.2
299,DS,DT,NS,DT_NS,rhd7,130.4
300,DS,DT,NS,DT_NS,rhd7,123.1
301,DS,DT,NS,DT_NS,rhd7,59.9
302,DS,DT,NS,DT_NS,rhd7,159.5
303,DS,DT,NS,DT_NS,rhd7,202.2
304,DS,DT,NS,DT_NS,rhd7,152.9
305,DS,DT,NS,DT_NS,rhd7,166.1
306,DS,DT,NS,DT_NS,rhd7,142.3
307,DS,DT,NS,DT_NS,rhd7,183.9
308,DS,DT,NS,DT_NS,rhd7,121.3
309,DS,DT,NS,DT_NS,rhd7,151.8
310,DS,DT,NS,DT_NS,rhd7,168.9
311,DS,DT,NS,DT_NS,rhd7,156
312,DS,DT,NS,DT_NS,rhd7,107.1
313,DS,DT,NS,DT_NS,rhd7,160.2
314,DS,DT,NS,DT_NS,rhd7,205.1
315,DS,DT,NS,DT_NS,rhd7,190.6
316,DS,DT,NS,DT_NS,rhd7,103.3
317,DS,DT,NS,DT_NS,wer,187.2
318,DS,DT,NS,DT_NS,wer,161.3
319,DS,DT,NS,DT_NS,wer,177.6
320,DS,DT,NS,DT_NS,wer,89.8
321,DS,DT,NS,DT_NS,wer,156.3
322,DS,DT,NS,DT_NS,wer,132.7
323,DS,DT,NS,DT_NS,wer,143.8
324,DS,DT,NS,DT_NS,wer,144.8
325,DS,DT,NS,DT_NS,wer,125.3
326,DS,DT,NS,DT_NS,wer,204.3
327,DS,DT,NS,DT_NS,wer,162.8
328,DS,DT,NS,DT_NS,wer,168.9
329,DS,DT,NS,DT_NS,wer,64
330,DS,DT,NS,DT_NS,wer,154.3
331,DS,DT,NS,DT_NS,wer,180
332,DS,DT,NS,DT_NS,wer,139
333,DS,DT,NS,DT_NS,wer,98.2
334,DS,DT,NS,DT_NS,wer,152
335,DS,DT,NS,DT_NS,wer,213.1
336,DS,DT,NS,DT_NS,wer,129.4
337,DS,WT,NS,WT_NS,gl2,255
338,DS,WT,NS,WT_NS,gl2,357.9
339,DS,WT,NS,WT_NS,gl2,346.1
340,DS,WT,NS,WT_NS,gl2,265.5
341,DS,WT,NS,WT_NS,gl2,308.4
342,DS,WT,NS,WT_NS,gl2,298.8
343,DS,WT,NS,WT_NS,gl2,274.1
344,DS,WT,NS,WT_NS,gl2,385.3
345,DS,WT,NS,WT_NS,gl2,254.6
346,DS,WT,NS,WT_NS,gl2,389.6
347,DS,WT,NS,WT_NS,gl2,322.7
348,DS,WT,NS,WT_NS,gl2,340.1
349,DS,WT,NS,WT_NS,gl2,445.3
350,DS,WT,NS,WT_NS,gl2,315.8
351,DS,WT,NS,WT_NS,gl2,321.1
352,DS,WT,NS,WT_NS,gl2,335.3
353,DS,WT,NS,WT_NS,wer,233.9
354,DS,WT,NS,WT_NS,wer,266.5
355,DS,WT,NS,WT_NS,wer,266.6
356,DS,WT,NS,WT_NS,wer,227.2
357,DS,WT,NS,WT_NS,wer,324.8
358,DS,WT,NS,WT_NS,wer,244.6
359,DS,WT,NS,WT_NS,wer,227.4
360,DS,WT,NS,WT_NS,wer,250.9
361,DS,WT,NS,WT_NS,wer,277.6
362,DS,WT,NS,WT_NS,wer,261.4
363,DS,WT,NS,WT_NS,wer,203.9
364,DS,WT,NS,WT_NS,wer,247.4
365,DS,WT,NS,WT_NS,wer,172.7
366,DS,WT,NS,WT_NS,wer,289.9
367,DS,WT,NS,WT_NS,wer,281
368,DS,WT,NS,WT_NS,wer,225.7
369,DS,WT,NS,WT_NS,rhd7,261.3
370,DS,WT,NS,WT_NS,rhd7,253.5
371,DS,WT,NS,WT_NS,rhd7,210.5
372,DS,WT,NS,WT_NS,rhd7,283.3
373,DS,WT,NS,WT_NS,rhd7,319.3
374,DS,WT,NS,WT_NS,rhd7,234.7
375,DS,WT,NS,WT_NS,rhd7,209.9
376,DS,WT,NS,WT_NS,rhd7,253.4
377,DS,WT,NS,WT_NS,rhd7,178.8
378,DS,WT,NS,WT_NS,rhd7,246
379,DS,WT,NS,WT_NS,rhd7,322.2
380,DS,WT,NS,WT_NS,rhd7,443.3
381,DS,WT,NS,WT_NS,rhd7,178.7
382,DS,WT,NS,WT_NS,rhd7,251.7
383,DS,WT,NS,WT_NS,rhd7,325.6
384,DS,WT,NS,WT_NS,rhd7,378.5
385,DS,WT,NS,WT_NS,Col_0,283.3
386,DS,WT,NS,WT_NS,Col_0,327.7
387,DS,WT,NS,WT_NS,Col_0,377.4
388,DS,WT,NS,WT_NS,Col_0,329.6
389,DS,WT,NS,WT_NS,Col_0,345.9
390,DS,WT,NS,WT_NS,Col_0,389.8
391,DS,WT,NS,WT_NS,Col_0,420.5
392,DS,WT,NS,WT_NS,Col_0,343.4
393,DS,WT,NS,WT_NS,Col_0,284.1
394,DS,WT,NS,WT_NS,Col_0,170.4
395,DS,WT,NS,WT_NS,Col_0,258.5
396,DS,WT,NS,WT_NS,Col_0,231.9
397,DS,WT,NS,WT_NS,Col_0,280.3
398,DS,WT,NS,WT_NS,Col_0,340.1
399,DS,WT,NS,WT_NS,Col_0,340.9
400,DS,WT,NS,WT_NS,Col_0,291.9
401,DS,WT,NS,WT_NS,cpc,355.1
402,DS,WT,NS,WT_NS,cpc,293
403,DS,WT,NS,WT_NS,cpc,264.5
404,DS,WT,NS,WT_NS,cpc,355.3
405,DS,WT,NS,WT_NS,cpc,292.4
406,DS,WT,NS,WT_NS,cpc,405.2
407,DS,WT,NS,WT_NS,cpc,250.5
408,DS,WT,NS,WT_NS,cpc,285.9
409,DS,WT,NS,WT_NS,cpc,377.4
410,DS,WT,NS,WT_NS,cpc,287.6
411,DS,WT,NS,WT_NS,cpc,359.7
412,DS,WT,NS,WT_NS,cpc,309.6
413,DS,WT,NS,WT_NS,cpc,343.4
414,DS,WT,NS,WT_NS,cpc,251.2
415,DS,WT,NS,WT_NS,cpc,214.9
416,DS,WT,NS,WT_NS,cpc,219
417,DS,WT,NS,WT_NS,rsl2rsl4,423.3
418,DS,WT,NS,WT_NS,rsl2rsl4,322.8
419,DS,WT,NS,WT_NS,rsl2rsl4,263
420,DS,WT,NS,WT_NS,rsl2rsl4,277.9
421,DS,WT,NS,WT_NS,rsl2rsl4,454.1
422,DS,WT,NS,WT_NS,rsl2rsl4,229.2
423,DS,WT,NS,WT_NS,rsl2rsl4,212.4
424,DS,WT,NS,WT_NS,rsl2rsl4,268.8
425,DS,WT,NS,WT_NS,rsl2rsl4,351.7
426,DS,WT,NS,WT_NS,rsl2rsl4,261
427,DS,WT,NS,WT_NS,rsl2rsl4,236.3
428,DS,WT,NS,WT_NS,rsl2rsl4,430.1
429,DS,WT,NS,WT_NS,rsl2rsl4,205
430,DS,WT,NS,WT_NS,rsl2rsl4,317.6
431,DS,WT,NS,WT_NS,rsl2rsl4,321.2
432,DS,WT,NS,WT_NS,rsl2rsl4,230.1
433,HS,DT,S,DT_S,cpc,103.7
434,HS,DT,S,DT_S,cpc,104.5
435,HS,DT,S,DT_S,cpc,111.3
436,HS,DT,S,DT_S,cpc,82.5
437,HS,DT,S,DT_S,cpc,137.1
438,HS,DT,S,DT_S,cpc,145.6
439,HS,DT,S,DT_S,cpc,132.2
440,HS,DT,S,DT_S,cpc,146.9
441,HS,DT,S,DT_S,cpc,100
442,HS,DT,S,DT_S,cpc,125.6
443,HS,DT,S,DT_S,cpc,139.8
444,HS,DT,S,DT_S,cpc,129.2
445,HS,DT,S,DT_S,cpc,109.6
446,HS,DT,S,DT_S,cpc,151.7
447,HS,DT,S,DT_S,cpc,164.7
448,HS,DT,S,DT_S,cpc,118.6
449,HS,DT,S,DT_S,cpc,109
450,HS,DT,S,DT_S,cpc,141.8
451,HS,DT,S,DT_S,cpc,136.7
452,HS,DT,S,DT_S,cpc,138.6
453,HS,DT,S,DT_S,wer,116.2
454,HS,DT,S,DT_S,wer,99.5
455,HS,DT,S,DT_S,wer,114.5
456,HS,DT,S,DT_S,wer,113
457,HS,DT,S,DT_S,wer,87.4
458,HS,DT,S,DT_S,wer,108.3
459,HS,DT,S,DT_S,wer,88.5
460,HS,DT,S,DT_S,wer,110.5
461,HS,DT,S,DT_S,wer,124.1
462,HS,DT,S,DT_S,wer,121.5
463,HS,DT,S,DT_S,wer,123
464,HS,DT,S,DT_S,wer,105.8
465,HS,DT,S,DT_S,wer,113.1
466,HS,DT,S,DT_S,wer,122.9
467,HS,DT,S,DT_S,wer,138.4
468,HS,DT,S,DT_S,wer,107.8
469,HS,DT,S,DT_S,wer,86.4
470,HS,DT,S,DT_S,wer,94.9
471,HS,DT,S,DT_S,wer,96.3
472,HS,DT,S,DT_S,wer,130.4
473,HS,DT,S,DT_S,rhd7,118.7
474,HS,DT,S,DT_S,rhd7,151.2
475,HS,DT,S,DT_S,rhd7,136.9
476,HS,DT,S,DT_S,rhd7,128.5
477,HS,DT,S,DT_S,rhd7,104.6
478,HS,DT,S,DT_S,rhd7,125.2
479,HS,DT,S,DT_S,rhd7,143.7
480,HS,DT,S,DT_S,rhd7,166.2
481,HS,DT,S,DT_S,rhd7,133.5
482,HS,DT,S,DT_S,rhd7,117.6
483,HS,DT,S,DT_S,rhd7,118.8
484,HS,DT,S,DT_S,rhd7,87.6
485,HS,DT,S,DT_S,rhd7,161.7
486,HS,DT,S,DT_S,rhd7,120
487,HS,DT,S,DT_S,rhd7,114.2
488,HS,DT,S,DT_S,rhd7,187.6
489,HS,DT,S,DT_S,rhd7,129
490,HS,DT,S,DT_S,rhd7,121.8
491,HS,DT,S,DT_S,rhd7,120.8
492,HS,DT,S,DT_S,rhd7,134.3
493,HS,DT,S,DT_S,gl2,97.6
494,HS,DT,S,DT_S,gl2,104.6
495,HS,DT,S,DT_S,gl2,92.4
496,HS,DT,S,DT_S,gl2,105.1
497,HS,DT,S,DT_S,gl2,105.7
498,HS,DT,S,DT_S,gl2,122.7
499,HS,DT,S,DT_S,gl2,104.9
500,HS,DT,S,DT_S,gl2,85.4
501,HS,DT,S,DT_S,gl2,100.6
502,HS,DT,S,DT_S,gl2,104.2
503,HS,DT,S,DT_S,gl2,101.7
504,HS,DT,S,DT_S,gl2,117.6
505,HS,DT,S,DT_S,gl2,117.6
506,HS,DT,S,DT_S,gl2,138.7
507,HS,DT,S,DT_S,gl2,111.9
508,HS,DT,S,DT_S,gl2,118.5
509,HS,DT,S,DT_S,gl2,72.4
510,HS,DT,S,DT_S,gl2,94.4
511,HS,DT,S,DT_S,gl2,92.3
512,HS,DT,S,DT_S,gl2,89.2
513,HS,DT,S,DT_S,rsl2rsl4,131.3
514,HS,DT,S,DT_S,rsl2rsl4,164
515,HS,DT,S,DT_S,rsl2rsl4,138.7
516,HS,DT,S,DT_S,rsl2rsl4,160.5
517,HS,DT,S,DT_S,rsl2rsl4,190.8
518,HS,DT,S,DT_S,rsl2rsl4,128.1
519,HS,DT,S,DT_S,rsl2rsl4,158.9
520,HS,DT,S,DT_S,rsl2rsl4,191.2
521,HS,DT,S,DT_S,rsl2rsl4,93.4
522,HS,DT,S,DT_S,rsl2rsl4,122.7
523,HS,DT,S,DT_S,rsl2rsl4,128.2
524,HS,DT,S,DT_S,rsl2rsl4,148.1
525,HS,DT,S,DT_S,rsl2rsl4,100.1
526,HS,DT,S,DT_S,rsl2rsl4,105.9
527,HS,DT,S,DT_S,rsl2rsl4,107.5
528,HS,DT,S,DT_S,rsl2rsl4,119.4
529,HS,DT,S,DT_S,rsl2rsl4,92
530,HS,DT,S,DT_S,rsl2rsl4,105.2
531,HS,DT,S,DT_S,rsl2rsl4,97.5
532,HS,DT,S,DT_S,rsl2rsl4,113
533,HS,DT,S,DT_S,Col_0,103.4
534,HS,DT,S,DT_S,Col_0,79.5
535,HS,DT,S,DT_S,Col_0,106
536,HS,DT,S,DT_S,Col_0,111.8
537,HS,DT,S,DT_S,Col_0,73.8
538,HS,DT,S,DT_S,Col_0,99.6
539,HS,DT,S,DT_S,Col_0,84.7
540,HS,DT,S,DT_S,Col_0,77.7
541,HS,DT,S,DT_S,Col_0,109.1
542,HS,DT,S,DT_S,Col_0,91.5
543,HS,DT,S,DT_S,Col_0,100.3
544,HS,DT,S,DT_S,Col_0,101.6
545,HS,DT,S,DT_S,Col_0,78.3
546,HS,DT,S,DT_S,Col_0,101.4
547,HS,DT,S,DT_S,Col_0,104.5
548,HS,DT,S,DT_S,Col_0,99.1
549,HS,DT,S,DT_S,Col_0,81
550,HS,DT,S,DT_S,Col_0,112.6
551,HS,DT,S,DT_S,Col_0,70.1
552,HS,DT,S,DT_S,Col_0,112.2
553,HS,WT,S,WT_S,rhd7,152.8
554,HS,WT,S,WT_S,rhd7,208.1
555,HS,WT,S,WT_S,rhd7,211.9
556,HS,WT,S,WT_S,rhd7,217.8
557,HS,WT,S,WT_S,rhd7,202.7
558,HS,WT,S,WT_S,rhd7,157.1
559,HS,WT,S,WT_S,rhd7,225
560,HS,WT,S,WT_S,rhd7,205.2
561,HS,WT,S,WT_S,rhd7,210
562,HS,WT,S,WT_S,rhd7,243.4
563,HS,WT,S,WT_S,rhd7,163.1
564,HS,WT,S,WT_S,rhd7,182.1
565,HS,WT,S,WT_S,rhd7,200.1
566,HS,WT,S,WT_S,rhd7,214
567,HS,WT,S,WT_S,rhd7,211
568,HS,WT,S,WT_S,rhd7,230.6
569,HS,WT,S,WT_S,cpc,182.7
570,HS,WT,S,WT_S,cpc,169.6
571,HS,WT,S,WT_S,cpc,188.9
572,HS,WT,S,WT_S,cpc,148.5
573,HS,WT,S,WT_S,cpc,157.1
574,HS,WT,S,WT_S,cpc,212.7
575,HS,WT,S,WT_S,cpc,212.1
576,HS,WT,S,WT_S,cpc,179.1
577,HS,WT,S,WT_S,cpc,159.1
578,HS,WT,S,WT_S,cpc,188.6
579,HS,WT,S,WT_S,cpc,140.6
580,HS,WT,S,WT_S,cpc,168.8
581,HS,WT,S,WT_S,cpc,242.3
582,HS,WT,S,WT_S,cpc,180.4
583,HS,WT,S,WT_S,cpc,194
584,HS,WT,S,WT_S,cpc,215.7
585,HS,WT,S,WT_S,wer,162.6
586,HS,WT,S,WT_S,wer,152.1
587,HS,WT,S,WT_S,wer,156.6
588,HS,WT,S,WT_S,wer,166.7
589,HS,WT,S,WT_S,wer,177.7
590,HS,WT,S,WT_S,wer,155
591,HS,WT,S,WT_S,wer,137.7
592,HS,WT,S,WT_S,wer,130.9
593,HS,WT,S,WT_S,wer,154.9
594,HS,WT,S,WT_S,wer,143.9
595,HS,WT,S,WT_S,wer,122.8
596,HS,WT,S,WT_S,wer,175.7
597,HS,WT,S,WT_S,wer,154.7
598,HS,WT,S,WT_S,wer,140.1
599,HS,WT,S,WT_S,wer,176.1
600,HS,WT,S,WT_S,wer,131.6
601,HS,WT,S,WT_S,rsl2rsl4,202.8
602,HS,WT,S,WT_S,rsl2rsl4,169.2
603,HS,WT,S,WT_S,rsl2rsl4,162.4
604,HS,WT,S,WT_S,rsl2rsl4,170.6
605,HS,WT,S,WT_S,rsl2rsl4,217.5
606,HS,WT,S,WT_S,rsl2rsl4,172.6
607,HS,WT,S,WT_S,rsl2rsl4,267.1
608,HS,WT,S,WT_S,rsl2rsl4,152.1
609,HS,WT,S,WT_S,rsl2rsl4,176.4
610,HS,WT,S,WT_S,rsl2rsl4,223.1
611,HS,WT,S,WT_S,rsl2rsl4,138.4
612,HS,WT,S,WT_S,rsl2rsl4,195
613,HS,WT,S,WT_S,rsl2rsl4,176.7
614,HS,WT,S,WT_S,rsl2rsl4,152.2
615,HS,WT,S,WT_S,rsl2rsl4,167.9
616,HS,WT,S,WT_S,rsl2rsl4,187.6
617,HS,WT,S,WT_S,Col_0,216.5
618,HS,WT,S,WT_S,Col_0,262.2
619,HS,WT,S,WT_S,Col_0,230.9
620,HS,WT,S,WT_S,Col_0,203.3
621,HS,WT,S,WT_S,Col_0,245.1
622,HS,WT,S,WT_S,Col_0,249.8
623,HS,WT,S,WT_S,Col_0,259.5
624,HS,WT,S,WT_S,Col_0,180.8
625,HS,WT,S,WT_S,Col_0,253.6
626,HS,WT,S,WT_S,Col_0,263.6
627,HS,WT,S,WT_S,Col_0,171.4
628,HS,WT,S,WT_S,Col_0,245.1
629,HS,WT,S,WT_S,Col_0,214.8
630,HS,WT,S,WT_S,Col_0,208.9
631,HS,WT,S,WT_S,Col_0,246.6
632,HS,WT,S,WT_S,Col_0,195.6
633,HS,WT,S,WT_S,gl2,177.6
634,HS,WT,S,WT_S,gl2,207.3
635,HS,WT,S,WT_S,gl2,188.8
636,HS,WT,S,WT_S,gl2,217.9
637,HS,WT,S,WT_S,gl2,158.4
638,HS,WT,S,WT_S,gl2,178.4
639,HS,WT,S,WT_S,gl2,258.8
640,HS,WT,S,WT_S,gl2,249.9
641,HS,WT,S,WT_S,gl2,155.4
642,HS,WT,S,WT_S,gl2,257.7
643,HS,WT,S,WT_S,gl2,240.3
644,HS,WT,S,WT_S,gl2,216.1
645,HS,WT,S,WT_S,gl2,222.5
646,HS,WT,S,WT_S,gl2,284.6
647,HS,WT,S,WT_S,gl2,225.4
648,HS,WT,S,WT_S,gl2,240.3
649,HS,DT,NS,DT_NS,Col_0,56
650,HS,DT,NS,DT_NS,Col_0,53
651,HS,DT,NS,DT_NS,Col_0,60
652,HS,DT,NS,DT_NS,Col_0,59.8
653,HS,DT,NS,DT_NS,Col_0,78.9
654,HS,DT,NS,DT_NS,Col_0,54.5
655,HS,DT,NS,DT_NS,Col_0,102.8
656,HS,DT,NS,DT_NS,Col_0,69.8
657,HS,DT,NS,DT_NS,Col_0,126.8
658,HS,DT,NS,DT_NS,Col_0,128.8
659,HS,DT,NS,DT_NS,Col_0,104.1
660,HS,DT,NS,DT_NS,Col_0,149.8
661,HS,DT,NS,DT_NS,Col_0,127.5
662,HS,DT,NS,DT_NS,Col_0,91.2
663,HS,DT,NS,DT_NS,Col_0,86.3
664,HS,DT,NS,DT_NS,Col_0,155.9
665,HS,DT,NS,DT_NS,Col_0,77.9
666,HS,DT,NS,DT_NS,Col_0,92.7
667,HS,DT,NS,DT_NS,Col_0,41.8
668,HS,DT,NS,DT_NS,Col_0,86.2
669,HS,DT,NS,DT_NS,cpc,18.9
670,HS,DT,NS,DT_NS,cpc,83.1
671,HS,DT,NS,DT_NS,cpc,136.4
672,HS,DT,NS,DT_NS,cpc,54.5
673,HS,DT,NS,DT_NS,cpc,151.8
674,HS,DT,NS,DT_NS,cpc,138.1
675,HS,DT,NS,DT_NS,cpc,120.5
676,HS,DT,NS,DT_NS,cpc,108.4
677,HS,DT,NS,DT_NS,cpc,100.5
678,HS,DT,NS,DT_NS,cpc,118.3
679,HS,DT,NS,DT_NS,cpc,89.1
680,HS,DT,NS,DT_NS,cpc,162.3
681,HS,DT,NS,DT_NS,cpc,124
682,HS,DT,NS,DT_NS,cpc,127.7
683,HS,DT,NS,DT_NS,cpc,55.7
684,HS,DT,NS,DT_NS,cpc,85.5
685,HS,DT,NS,DT_NS,cpc,72.1
686,HS,DT,NS,DT_NS,cpc,88.3
687,HS,DT,NS,DT_NS,cpc,120
688,HS,DT,NS,DT_NS,cpc,108.5
689,HS,DT,NS,DT_NS,gl2,179.1
690,HS,DT,NS,DT_NS,gl2,120.3
691,HS,DT,NS,DT_NS,gl2,114
692,HS,DT,NS,DT_NS,gl2,69.2
693,HS,DT,NS,DT_NS,gl2,120.2
694,HS,DT,NS,DT_NS,gl2,113.2
695,HS,DT,NS,DT_NS,gl2,149.7
696,HS,DT,NS,DT_NS,gl2,113.3
697,HS,DT,NS,DT_NS,gl2,87
698,HS,DT,NS,DT_NS,gl2,87.3
699,HS,DT,NS,DT_NS,gl2,99.2
700,HS,DT,NS,DT_NS,gl2,133.8
701,HS,DT,NS,DT_NS,gl2,140.7
702,HS,DT,NS,DT_NS,gl2,93.6
703,HS,DT,NS,DT_NS,gl2,64.6
704,HS,DT,NS,DT_NS,gl2,80.5
705,HS,DT,NS,DT_NS,gl2,166.1
706,HS,DT,NS,DT_NS,gl2,121.2
707,HS,DT,NS,DT_NS,gl2,110.7
708,HS,DT,NS,DT_NS,gl2,150.6
709,HS,DT,NS,DT_NS,rsl2rsl4,115.2
710,HS,DT,NS,DT_NS,rsl2rsl4,116.7
711,HS,DT,NS,DT_NS,rsl2rsl4,114.8
712,HS,DT,NS,DT_NS,rsl2rsl4,115.1
713,HS,DT,NS,DT_NS,rsl2rsl4,88.4
714,HS,DT,NS,DT_NS,rsl2rsl4,133.6
715,HS,DT,NS,DT_NS,rsl2rsl4,120.9
716,HS,DT,NS,DT_NS,rsl2rsl4,118.9
717,HS,DT,NS,DT_NS,rsl2rsl4,53.4
718,HS,DT,NS,DT_NS,rsl2rsl4,112.8
719,HS,DT,NS,DT_NS,rsl2rsl4,168.7
720,HS,DT,NS,DT_NS,rsl2rsl4,79.2
721,HS,DT,NS,DT_NS,rsl2rsl4,107.9
722,HS,DT,NS,DT_NS,rsl2rsl4,94.8
723,HS,DT,NS,DT_NS,rsl2rsl4,70.1
724,HS,DT,NS,DT_NS,rsl2rsl4,88.9
725,HS,DT,NS,DT_NS,rsl2rsl4,117.6
726,HS,DT,NS,DT_NS,rsl2rsl4,120.6
727,HS,DT,NS,DT_NS,rsl2rsl4,101.2
728,HS,DT,NS,DT_NS,rsl2rsl4,74.4
729,HS,DT,NS,DT_NS,rhd7,101.9
730,HS,DT,NS,DT_NS,rhd7,108.6
731,HS,DT,NS,DT_NS,rhd7,86.8
732,HS,DT,NS,DT_NS,rhd7,132.6
733,HS,DT,NS,DT_NS,rhd7,65.1
734,HS,DT,NS,DT_NS,rhd7,110.2
735,HS,DT,NS,DT_NS,rhd7,85.3
736,HS,DT,NS,DT_NS,rhd7,80.8
737,HS,DT,NS,DT_NS,rhd7,88.8
738,HS,DT,NS,DT_NS,rhd7,77.6
739,HS,DT,NS,DT_NS,rhd7,80.2
740,HS,DT,NS,DT_NS,rhd7,69.2
741,HS,DT,NS,DT_NS,rhd7,62.4
742,HS,DT,NS,DT_NS,rhd7,75.9
743,HS,DT,NS,DT_NS,rhd7,72
744,HS,DT,NS,DT_NS,rhd7,98.8
745,HS,DT,NS,DT_NS,rhd7,62.1
746,HS,DT,NS,DT_NS,rhd7,74.2
747,HS,DT,NS,DT_NS,rhd7,82
748,HS,DT,NS,DT_NS,rhd7,83.1
749,HS,DT,NS,DT_NS,wer,83.4
750,HS,DT,NS,DT_NS,wer,40.1
751,HS,DT,NS,DT_NS,wer,71.2
752,HS,DT,NS,DT_NS,wer,109.2
753,HS,DT,NS,DT_NS,wer,71.5
754,HS,DT,NS,DT_NS,wer,86.3
755,HS,DT,NS,DT_NS,wer,96.3
756,HS,DT,NS,DT_NS,wer,40.6
757,HS,DT,NS,DT_NS,wer,111.3
758,HS,DT,NS,DT_NS,wer,67
759,HS,DT,NS,DT_NS,wer,64.6
760,HS,DT,NS,DT_NS,wer,70.2
761,HS,DT,NS,DT_NS,wer,94.7
762,HS,DT,NS,DT_NS,wer,89.3
763,HS,DT,NS,DT_NS,wer,95.4
764,HS,DT,NS,DT_NS,wer,95.6
765,HS,DT,NS,DT_NS,wer,79.1
766,HS,DT,NS,DT_NS,wer,120.2
767,HS,DT,NS,DT_NS,wer,83.4
768,HS,DT,NS,DT_NS,wer,81.2
769,HS,WT,NS,WT_NS,gl2,217.4
770,HS,WT,NS,WT_NS,gl2,185.8
771,HS,WT,NS,WT_NS,gl2,190
772,HS,WT,NS,WT_NS,gl2,148.8
773,HS,WT,NS,WT_NS,gl2,143
774,HS,WT,NS,WT_NS,gl2,118.1
775,HS,WT,NS,WT_NS,gl2,161.5
776,HS,WT,NS,WT_NS,gl2,105.3
777,HS,WT,NS,WT_NS,gl2,178.9
778,HS,WT,NS,WT_NS,gl2,212.6
779,HS,WT,NS,WT_NS,gl2,175.7
780,HS,WT,NS,WT_NS,gl2,60.2
781,HS,WT,NS,WT_NS,gl2,138.6
782,HS,WT,NS,WT_NS,gl2,132.5
783,HS,WT,NS,WT_NS,gl2,125.9
784,HS,WT,NS,WT_NS,gl2,133.3
785,HS,WT,NS,WT_NS,wer,108.1
786,HS,WT,NS,WT_NS,wer,102.6
787,HS,WT,NS,WT_NS,wer,132.8
788,HS,WT,NS,WT_NS,wer,120.2
789,HS,WT,NS,WT_NS,wer,75.3
790,HS,WT,NS,WT_NS,wer,133.5
791,HS,WT,NS,WT_NS,wer,166.8
792,HS,WT,NS,WT_NS,wer,66
793,HS,WT,NS,WT_NS,wer,161.5
794,HS,WT,NS,WT_NS,wer,133.1
795,HS,WT,NS,WT_NS,wer,138.6
796,HS,WT,NS,WT_NS,wer,57.1
797,HS,WT,NS,WT_NS,wer,109.3
798,HS,WT,NS,WT_NS,wer,90.6
799,HS,WT,NS,WT_NS,wer,79.8
800,HS,WT,NS,WT_NS,wer,91.2
801,HS,WT,NS,WT_NS,rhd7,126
802,HS,WT,NS,WT_NS,rhd7,161.1
803,HS,WT,NS,WT_NS,rhd7,168
804,HS,WT,NS,WT_NS,rhd7,155.1
805,HS,WT,NS,WT_NS,rhd7,91.3
806,HS,WT,NS,WT_NS,rhd7,89.8
807,HS,WT,NS,WT_NS,rhd7,91.4
808,HS,WT,NS,WT_NS,rhd7,149.3
809,HS,WT,NS,WT_NS,rhd7,140
810,HS,WT,NS,WT_NS,rhd7,140.4
811,HS,WT,NS,WT_NS,rhd7,143.2
812,HS,WT,NS,WT_NS,rhd7,129.4
813,HS,WT,NS,WT_NS,rhd7,108
814,HS,WT,NS,WT_NS,rhd7,121.3
815,HS,WT,NS,WT_NS,rhd7,150
816,HS,WT,NS,WT_NS,rhd7,96.9
817,HS,WT,NS,WT_NS,Col_0,203.6
818,HS,WT,NS,WT_NS,Col_0,215.1
819,HS,WT,NS,WT_NS,Col_0,179.2
820,HS,WT,NS,WT_NS,Col_0,215
821,HS,WT,NS,WT_NS,Col_0,150.6
822,HS,WT,NS,WT_NS,Col_0,150.1
823,HS,WT,NS,WT_NS,Col_0,148.4
824,HS,WT,NS,WT_NS,Col_0,137.9
825,HS,WT,NS,WT_NS,Col_0,139.3
826,HS,WT,NS,WT_NS,Col_0,125.7
827,HS,WT,NS,WT_NS,Col_0,163.4
828,HS,WT,NS,WT_NS,Col_0,188.6
829,HS,WT,NS,WT_NS,Col_0,154.7
830,HS,WT,NS,WT_NS,Col_0,162.1
831,HS,WT,NS,WT_NS,Col_0,150
832,HS,WT,NS,WT_NS,Col_0,162
833,HS,WT,NS,WT_NS,cpc,203.6
834,HS,WT,NS,WT_NS,cpc,114.9
835,HS,WT,NS,WT_NS,cpc,170.5
836,HS,WT,NS,WT_NS,cpc,121.6
837,HS,WT,NS,WT_NS,cpc,138.4
838,HS,WT,NS,WT_NS,cpc,178.9
839,HS,WT,NS,WT_NS,cpc,165.8
840,HS,WT,NS,WT_NS,cpc,129.8
841,HS,WT,NS,WT_NS,cpc,140.9
842,HS,WT,NS,WT_NS,cpc,146
843,HS,WT,NS,WT_NS,cpc,120.2
844,HS,WT,NS,WT_NS,cpc,106.7
845,HS,WT,NS,WT_NS,cpc,76.5
846,HS,WT,NS,WT_NS,cpc,111.3
847,HS,WT,NS,WT_NS,cpc,132.8
848,HS,WT,NS,WT_NS,cpc,156.7
849,HS,WT,NS,WT_NS,rsl2rsl4,226.7
850,HS,WT,NS,WT_NS,rsl2rsl4,202.7
851,HS,WT,NS,WT_NS,rsl2rsl4,128.4
852,HS,WT,NS,WT_NS,rsl2rsl4,201.4
853,HS,WT,NS,WT_NS,rsl2rsl4,170.2
854,HS,WT,NS,WT_NS,rsl2rsl4,155.1
855,HS,WT,NS,WT_NS,rsl2rsl4,167.2
856,HS,WT,NS,WT_NS,rsl2rsl4,160.6
857,HS,WT,NS,WT_NS,rsl2rsl4,163.9
858,HS,WT,NS,WT_NS,rsl2rsl4,167.6
859,HS,WT,NS,WT_NS,rsl2rsl4,151.2
860,HS,WT,NS,WT_NS,rsl2rsl4,136.7
861,HS,WT,NS,WT_NS,rsl2rsl4,169.8
862,HS,WT,NS,WT_NS,rsl2rsl4,188.9
863,HS,WT,NS,WT_NS,rsl2rsl4,140.5
864,HS,WT,NS,WT_NS,rsl2rsl4,153.9
865,HS,DT,NS,DT_NS,Col_0,79.7
866,HS,DT,NS,DT_NS,Col_0,126.1
867,HS,DT,NS,DT_NS,gl2,155.5
868,HS,DT,NS,DT_NS,gl2,52.3
869,HS,DT,NS,DT_NS,gl2,76.4
870,HS,DT,NS,DT_NS,rsl2rsl4,53.3
871,HS,DT,NS,DT_NS,rsl2rsl4,75.4
872,HS,DT,NS,DT_NS,rsl2rsl4,57.4
873,HS,DT,NS,DT_NS,cpc,54.4
874,HS,DT,NS,DT_NS,cpc,111.1
875,HS,DT,NS,DT_NS,cpc,118.2
876,HS,DT,NS,DT_NS,cpc,82.4
877,HS,DT,NS,DT_NS,wer,107.8
878,HS,DT,NS,DT_NS,wer,103.3
879,HS,DT,NS,DT_NS,wer,116.7
880,HS,DT,NS,DT_NS,wer,109.9
881,HS,DT,NS,DT_NS,rhd7,72.7
882,HS,DT,NS,DT_NS,rhd7,50.7
883,HS,DT,NS,DT_NS,rhd7,67.9
884,HS,DT,NS,DT_NS,rhd7,72.1
885,HS,WT,NS,WT_NS,Col_0,98
886,HS,WT,NS,WT_NS,Col_0,170.4
887,HS,WT,NS,WT_NS,Col_0,155.7
888,HS,WT,NS,WT_NS,Col_0,251
889,HS,WT,NS,WT_NS,gl2,190.4
890,HS,WT,NS,WT_NS,gl2,124.1
891,HS,WT,NS,WT_NS,gl2,167.5
892,HS,WT,NS,WT_NS,gl2,127.4
893,HS,WT,NS,WT_NS,gl2,139
894,HS,WT,NS,WT_NS,gl2,194.5
895,HS,WT,NS,WT_NS,gl2,201.5
896,HS,WT,NS,WT_NS,gl2,151.4
897,HS,WT,NS,WT_NS,Col_0,163.8
898,HS,WT,NS,WT_NS,Col_0,173.2
899,HS,WT,NS,WT_NS,Col_0,165.7
900,HS,WT,NS,WT_NS,Col_0,163.4
901,HS,WT,NS,WT_NS,rsl2rsl4,194.2
902,HS,WT,NS,WT_NS,rsl2rsl4,179.9
903,HS,WT,NS,WT_NS,rsl2rsl4,165.3
904,HS,WT,NS,WT_NS,rsl2rsl4,136
905,HS,WT,NS,WT_NS,rsl2rsl4,58.9
906,HS,WT,NS,WT_NS,rsl2rsl4,136
907,HS,WT,NS,WT_NS,rsl2rsl4,141.9
908,HS,WT,NS,WT_NS,rsl2rsl4,182.4
909,HS,WT,NS,WT_NS,wer,146.9
910,HS,WT,NS,WT_NS,wer,144.5
911,HS,WT,NS,WT_NS,wer,114.8
912,HS,WT,NS,WT_NS,wer,123.1
913,HS,WT,NS,WT_NS,wer,110.8
914,HS,WT,NS,WT_NS,wer,105.2
915,HS,WT,NS,WT_NS,wer,71.1
916,HS,WT,NS,WT_NS,wer,101.7
917,HS,WT,NS,WT_NS,rhd7,228.1
918,HS,WT,NS,WT_NS,rhd7,154.3
919,HS,WT,NS,WT_NS,rhd7,125.9
920,HS,WT,NS,WT_NS,rhd7,149.9
921,HS,WT,NS,WT_NS,rhd7,116.5
922,HS,WT,NS,WT_NS,rhd7,102.1
923,HS,WT,NS,WT_NS,cpc,69.5
924,HS,WT,NS,WT_NS,cpc,48.9
925,HS,WT,NS,WT_NS,cpc,76.9
926,HS,WT,NS,WT_NS,cpc,115.2
927,HS,WT,NS,WT_NS,cpc,51.4
928,HS,WT,NS,WT_NS,cpc,174.6
929,DH,DT,S,DT_S,gl2,161.8
930,DH,DT,S,DT_S,gl2,135.1
931,DH,DT,S,DT_S,gl2,105.6
932,DH,DT,S,DT_S,gl2,160.4
933,DH,DT,S,DT_S,gl2,146.9
934,DH,DT,S,DT_S,gl2,155.3
935,DH,DT,S,DT_S,gl2,187.2
936,DH,DT,S,DT_S,gl2,181.9
937,DH,DT,S,DT_S,gl2,124.9
938,DH,DT,S,DT_S,gl2,141.2
939,DH,DT,S,DT_S,gl2,119.8
940,DH,DT,S,DT_S,gl2,124.5
941,DH,DT,S,DT_S,gl2,109.3
942,DH,DT,S,DT_S,gl2,100.2
943,DH,DT,S,DT_S,gl2,98.4
944,DH,DT,S,DT_S,gl2,96.4
945,DH,DT,S,DT_S,gl2,110.4
946,DH,DT,S,DT_S,gl2,127.4
947,DH,DT,S,DT_S,gl2,109.7
948,DH,DT,S,DT_S,gl2,112.7
949,DH,DT,S,DT_S,Col_0,128.2
950,DH,DT,S,DT_S,Col_0,120.9
951,DH,DT,S,DT_S,Col_0,130.6
952,DH,DT,S,DT_S,Col_0,125.2
953,DH,DT,S,DT_S,Col_0,171.5
954,DH,DT,S,DT_S,Col_0,172.8
955,DH,DT,S,DT_S,Col_0,138.5
956,DH,DT,S,DT_S,Col_0,151.8
957,DH,DT,S,DT_S,Col_0,161.8
958,DH,DT,S,DT_S,Col_0,158.9
959,DH,DT,S,DT_S,Col_0,140.3
960,DH,DT,S,DT_S,Col_0,135.2
961,DH,DT,S,DT_S,Col_0,131.7
962,DH,DT,S,DT_S,Col_0,97.2
963,DH,DT,S,DT_S,Col_0,122
964,DH,DT,S,DT_S,Col_0,145.4
965,DH,DT,S,DT_S,Col_0,145.5
966,DH,DT,S,DT_S,Col_0,138.2
967,DH,DT,S,DT_S,Col_0,162.5
968,DH,DT,S,DT_S,Col_0,158.3
969,DH,DT,S,DT_S,rsl2rsl4,142.4
970,DH,DT,S,DT_S,rsl2rsl4,192.6
971,DH,DT,S,DT_S,rsl2rsl4,143.4
972,DH,DT,S,DT_S,rsl2rsl4,161
973,DH,DT,S,DT_S,rsl2rsl4,113.7
974,DH,DT,S,DT_S,rsl2rsl4,162.1
975,DH,DT,S,DT_S,rsl2rsl4,104.6
976,DH,DT,S,DT_S,rsl2rsl4,110.1
977,DH,DT,S,DT_S,rsl2rsl4,151.1
978,DH,DT,S,DT_S,rsl2rsl4,160.9
979,DH,DT,S,DT_S,rsl2rsl4,110.1
980,DH,DT,S,DT_S,rsl2rsl4,160
981,DH,DT,S,DT_S,rsl2rsl4,128.8
982,DH,DT,S,DT_S,rsl2rsl4,180.2
983,DH,DT,S,DT_S,rsl2rsl4,140.2
984,DH,DT,S,DT_S,rsl2rsl4,114.7
985,DH,DT,S,DT_S,rsl2rsl4,163.6
986,DH,DT,S,DT_S,rsl2rsl4,166.4
987,DH,DT,S,DT_S,rsl2rsl4,139.9
988,DH,DT,S,DT_S,rsl2rsl4,144.2
989,DH,DT,S,DT_S,cpc,112.4
990,DH,DT,S,DT_S,cpc,143.1
991,DH,DT,S,DT_S,cpc,109.1
992,DH,DT,S,DT_S,cpc,121.4
993,DH,DT,S,DT_S,cpc,159
994,DH,DT,S,DT_S,cpc,153.9
995,DH,DT,S,DT_S,cpc,158.2
996,DH,DT,S,DT_S,cpc,117.8
997,DH,DT,S,DT_S,cpc,145.6
998,DH,DT,S,DT_S,cpc,158.1
999,DH,DT,S,DT_S,cpc,151.7
1000,DH,DT,S,DT_S,cpc,119.9
1001,DH,DT,S,DT_S,cpc,275
1002,DH,DT,S,DT_S,cpc,137.3
1003,DH,DT,S,DT_S,cpc,185.7
1004,DH,DT,S,DT_S,cpc,190.8
1005,DH,DT,S,DT_S,cpc,139.4
1006,DH,DT,S,DT_S,cpc,153.2
1007,DH,DT,S,DT_S,cpc,188
1008,DH,DT,S,DT_S,cpc,190.2
1009,DH,DT,S,DT_S,rhd7,162.7
1010,DH,DT,S,DT_S,rhd7,151.6
1011,DH,DT,S,DT_S,rhd7,213.7
1012,DH,DT,S,DT_S,rhd7,162.4
1013,DH,DT,S,DT_S,rhd7,168.2
1014,DH,DT,S,DT_S,rhd7,187.3
1015,DH,DT,S,DT_S,rhd7,167.2
1016,DH,DT,S,DT_S,rhd7,156.8
1017,DH,DT,S,DT_S,rhd7,155.2
1018,DH,DT,S,DT_S,rhd7,188.4
1019,DH,DT,S,DT_S,rhd7,147.8
1020,DH,DT,S,DT_S,rhd7,222.8
1021,DH,DT,S,DT_S,rhd7,205.4
1022,DH,DT,S,DT_S,rhd7,127.6
1023,DH,DT,S,DT_S,rhd7,190.6
1024,DH,DT,S,DT_S,rhd7,161.9
1025,DH,DT,S,DT_S,rhd7,149.1
1026,DH,DT,S,DT_S,rhd7,170
1027,DH,DT,S,DT_S,rhd7,178.1
1028,DH,DT,S,DT_S,rhd7,147.4
1029,DH,DT,S,DT_S,wer,202.5
1030,DH,DT,S,DT_S,wer,162.4
1031,DH,DT,S,DT_S,wer,153.2
1032,DH,DT,S,DT_S,wer,183.8
1033,DH,DT,S,DT_S,wer,200.9
1034,DH,DT,S,DT_S,wer,152.8
1035,DH,DT,S,DT_S,wer,152.1
1036,DH,DT,S,DT_S,wer,150.5
1037,DH,DT,S,DT_S,wer,153.5
1038,DH,DT,S,DT_S,wer,138.2
1039,DH,DT,S,DT_S,wer,161.6
1040,DH,DT,S,DT_S,wer,166
1041,DH,DT,S,DT_S,wer,146.8
1042,DH,DT,S,DT_S,wer,143.5
1043,DH,DT,S,DT_S,wer,121
1044,DH,DT,S,DT_S,wer,134
1045,DH,DT,S,DT_S,wer,186.8
1046,DH,DT,S,DT_S,wer,167.8
1047,DH,DT,S,DT_S,wer,152
1048,DH,DT,S,DT_S,wer,129
1049,DH,DT,S_soil,DT_S_soil,gl2,127
1050,DH,DT,S_soil,DT_S_soil,gl2,125
1051,DH,DT,S_soil,DT_S_soil,gl2,127.9
1052,DH,DT,S_soil,DT_S_soil,gl2,86.5
1053,DH,DT,S_soil,DT_S_soil,gl2,119.5
1054,DH,DT,S_soil,DT_S_soil,gl2,132
1055,DH,DT,S_soil,DT_S_soil,gl2,134.4
1056,DH,DT,S_soil,DT_S_soil,gl2,116.5
1057,DH,DT,S_soil,DT_S_soil,gl2,228.2
1058,DH,DT,S_soil,DT_S_soil,gl2,235.1
1059,DH,DT,S_soil,DT_S_soil,gl2,193.5
1060,DH,DT,S_soil,DT_S_soil,gl2,192
1061,DH,DT,S_soil,DT_S_soil,gl2,219.9
1062,DH,DT,S_soil,DT_S_soil,gl2,173.6
1063,DH,DT,S_soil,DT_S_soil,gl2,202.5
1064,DH,DT,S_soil,DT_S_soil,gl2,165.3
1065,DH,DT,S_soil,DT_S_soil,gl2,81.2
1066,DH,DT,S_soil,DT_S_soil,gl2,78.4
1067,DH,DT,S_soil,DT_S_soil,gl2,89.6
1068,DH,DT,S_soil,DT_S_soil,gl2,66.7
1069,DH,DT,S_soil,DT_S_soil,cpc,95.7
1070,DH,DT,S_soil,DT_S_soil,cpc,136.1
1071,DH,DT,S_soil,DT_S_soil,cpc,120.7
1072,DH,DT,S_soil,DT_S_soil,cpc,102.9
1073,DH,DT,S_soil,DT_S_soil,cpc,153.5
1074,DH,DT,S_soil,DT_S_soil,cpc,170.4
1075,DH,DT,S_soil,DT_S_soil,cpc,135.7
1076,DH,DT,S_soil,DT_S_soil,cpc,166.9
1077,DH,DT,S_soil,DT_S_soil,cpc,101.2
1078,DH,DT,S_soil,DT_S_soil,cpc,86.1
1079,DH,DT,S_soil,DT_S_soil,cpc,87.1
1080,DH,DT,S_soil,DT_S_soil,cpc,91.7
1081,DH,DT,S_soil,DT_S_soil,cpc,148.2
1082,DH,DT,S_soil,DT_S_soil,cpc,153.4
1083,DH,DT,S_soil,DT_S_soil,cpc,125.9
1084,DH,DT,S_soil,DT_S_soil,cpc,173.9
1085,DH,DT,S_soil,DT_S_soil,cpc,136.4
1086,DH,DT,S_soil,DT_S_soil,cpc,118.9
1087,DH,DT,S_soil,DT_S_soil,cpc,138.9
1088,DH,DT,S_soil,DT_S_soil,cpc,149.8
1089,DH,DT,S_soil,DT_S_soil,rsl2rsl4,196.9
1090,DH,DT,S_soil,DT_S_soil,rsl2rsl4,129.9
1091,DH,DT,S_soil,DT_S_soil,rsl2rsl4,228.6
1092,DH,DT,S_soil,DT_S_soil,rsl2rsl4,196.1
1093,DH,DT,S_soil,DT_S_soil,rsl2rsl4,207.6
1094,DH,DT,S_soil,DT_S_soil,rsl2rsl4,178.4
1095,DH,DT,S_soil,DT_S_soil,rsl2rsl4,186
1096,DH,DT,S_soil,DT_S_soil,rsl2rsl4,198.4
1097,DH,DT,S_soil,DT_S_soil,rsl2rsl4,179.6
1098,DH,DT,S_soil,DT_S_soil,rsl2rsl4,176.5
1099,DH,DT,S_soil,DT_S_soil,rsl2rsl4,157.3
1100,DH,DT,S_soil,DT_S_soil,rsl2rsl4,103.8
1101,DH,DT,S_soil,DT_S_soil,rsl2rsl4,188.4
1102,DH,DT,S_soil,DT_S_soil,rsl2rsl4,139.4
1103,DH,DT,S_soil,DT_S_soil,rsl2rsl4,149
1104,DH,DT,S_soil,DT_S_soil,rsl2rsl4,164.9
1105,DH,DT,S_soil,DT_S_soil,rsl2rsl4,153.9
1106,DH,DT,S_soil,DT_S_soil,rsl2rsl4,190.5
1107,DH,DT,S_soil,DT_S_soil,rsl2rsl4,160.2
1108,DH,DT,S_soil,DT_S_soil,rsl2rsl4,169.7
1109,DH,DT,S_soil,DT_S_soil,Col_0,94.6
1110,DH,DT,S_soil,DT_S_soil,Col_0,86.3
1111,DH,DT,S_soil,DT_S_soil,Col_0,91.3
1112,DH,DT,S_soil,DT_S_soil,Col_0,70
1113,DH,DT,S_soil,DT_S_soil,Col_0,92.8
1114,DH,DT,S_soil,DT_S_soil,Col_0,86.6
1115,DH,DT,S_soil,DT_S_soil,Col_0,83
1116,DH,DT,S_soil,DT_S_soil,Col_0,76.7
1117,DH,DT,S_soil,DT_S_soil,Col_0,72
1118,DH,DT,S_soil,DT_S_soil,Col_0,92.3
1119,DH,DT,S_soil,DT_S_soil,Col_0,84.1
1120,DH,DT,S_soil,DT_S_soil,Col_0,76.6
1121,DH,DT,S_soil,DT_S_soil,Col_0,114.6
1122,DH,DT,S_soil,DT_S_soil,Col_0,103.7
1123,DH,DT,S_soil,DT_S_soil,Col_0,98.3
1124,DH,DT,S_soil,DT_S_soil,Col_0,98.9
1125,DH,DT,S_soil,DT_S_soil,Col_0,102.8
1126,DH,DT,S_soil,DT_S_soil,Col_0,101.7
1127,DH,DT,S_soil,DT_S_soil,Col_0,91.4
1128,DH,DT,S_soil,DT_S_soil,Col_0,77.9
1129,DH,DT,S_soil,DT_S_soil,wer,175.5
1130,DH,DT,S_soil,DT_S_soil,wer,193.1
1131,DH,DT,S_soil,DT_S_soil,wer,148.6
1132,DH,DT,S_soil,DT_S_soil,wer,157.4
1133,DH,DT,S_soil,DT_S_soil,wer,117.5
1134,DH,DT,S_soil,DT_S_soil,wer,106.7
1135,DH,DT,S_soil,DT_S_soil,wer,110.1
1136,DH,DT,S_soil,DT_S_soil,wer,125.7
1137,DH,DT,S_soil,DT_S_soil,wer,159.6
1138,DH,DT,S_soil,DT_S_soil,wer,163
1139,DH,DT,S_soil,DT_S_soil,wer,134.3
1140,DH,DT,S_soil,DT_S_soil,wer,144.3
1141,DH,DT,S_soil,DT_S_soil,wer,134.5
1142,DH,DT,S_soil,DT_S_soil,wer,145.9
1143,DH,DT,S_soil,DT_S_soil,wer,170.8
1144,DH,DT,S_soil,DT_S_soil,wer,146.4
1145,DH,DT,S_soil,DT_S_soil,wer,76.2
1146,DH,DT,S_soil,DT_S_soil,wer,83.7
1147,DH,DT,S_soil,DT_S_soil,wer,94.6
1148,DH,DT,S_soil,DT_S_soil,wer,68
1149,DH,DT,S_soil,DT_S_soil,rhd7,126.1
1150,DH,DT,S_soil,DT_S_soil,rhd7,143.3
1151,DH,DT,S_soil,DT_S_soil,rhd7,166.9
1152,DH,DT,S_soil,DT_S_soil,rhd7,145.1
1153,DH,DT,S_soil,DT_S_soil,rhd7,197.8
1154,DH,DT,S_soil,DT_S_soil,rhd7,174.9
1155,DH,DT,S_soil,DT_S_soil,rhd7,189.5
1156,DH,DT,S_soil,DT_S_soil,rhd7,167.5
1157,DH,DT,S_soil,DT_S_soil,rhd7,160.1
1158,DH,DT,S_soil,DT_S_soil,rhd7,202.5
1159,DH,DT,S_soil,DT_S_soil,rhd7,154.4
1160,DH,DT,S_soil,DT_S_soil,rhd7,133.8
1161,DH,DT,S_soil,DT_S_soil,rhd7,138.9
1162,DH,DT,S_soil,DT_S_soil,rhd7,96.6
1163,DH,DT,S_soil,DT_S_soil,rhd7,91.6
1164,DH,DT,S_soil,DT_S_soil,rhd7,86.8
1165,DH,DT,S_soil,DT_S_soil,rhd7,172.6
1166,DH,DT,S_soil,DT_S_soil,rhd7,146.6
1167,DH,DT,S_soil,DT_S_soil,rhd7,137.7
1168,DH,DT,S_soil,DT_S_soil,rhd7,163
1169,DH,DT,NS,DT_NS,Col_0,179
1170,DH,DT,NS,DT_NS,Col_0,143
1171,DH,DT,NS,DT_NS,Col_0,89.5
1172,DH,DT,NS,DT_NS,Col_0,134.6
1173,DH,DT,NS,DT_NS,Col_0,171.1
1174,DH,DT,NS,DT_NS,Col_0,115
1175,DH,DT,NS,DT_NS,Col_0,121
1176,DH,DT,NS,DT_NS,Col_0,167.1
1177,DH,DT,NS,DT_NS,Col_0,177.1
1178,DH,DT,NS,DT_NS,Col_0,154.3
1179,DH,DT,NS,DT_NS,Col_0,170.5
1180,DH,DT,NS,DT_NS,Col_0,146.2
1181,DH,DT,NS,DT_NS,Col_0,104.2
1182,DH,DT,NS,DT_NS,Col_0,124.7
1183,DH,DT,NS,DT_NS,Col_0,152.9
1184,DH,DT,NS,DT_NS,Col_0,90.3
1185,DH,DT,NS,DT_NS,Col_0,81.5
1186,DH,DT,NS,DT_NS,Col_0,123.8
1187,DH,DT,NS,DT_NS,Col_0,127.9
1188,DH,DT,NS,DT_NS,Col_0,168.1
1189,DH,DT,NS,DT_NS,gl2,171.1
1190,DH,DT,NS,DT_NS,gl2,176.3
1191,DH,DT,NS,DT_NS,gl2,195.1
1192,DH,DT,NS,DT_NS,gl2,182.3
1193,DH,DT,NS,DT_NS,gl2,157.5
1194,DH,DT,NS,DT_NS,gl2,198
1195,DH,DT,NS,DT_NS,gl2,211.1
1196,DH,DT,NS,DT_NS,gl2,160
1197,DH,DT,NS,DT_NS,gl2,125.8
1198,DH,DT,NS,DT_NS,gl2,182.9
1199,DH,DT,NS,DT_NS,gl2,212.3
1200,DH,DT,NS,DT_NS,gl2,169.5
1201,DH,DT,NS,DT_NS,gl2,176.9
1202,DH,DT,NS,DT_NS,gl2,151.4
1203,DH,DT,NS,DT_NS,gl2,197
1204,DH,DT,NS,DT_NS,gl2,175.2
1205,DH,DT,NS,DT_NS,gl2,213
1206,DH,DT,NS,DT_NS,gl2,154.1
1207,DH,DT,NS,DT_NS,gl2,175.6
1208,DH,DT,NS,DT_NS,gl2,147.9
1209,DH,DT,NS,DT_NS,wer,163.8
1210,DH,DT,NS,DT_NS,wer,207.3
1211,DH,DT,NS,DT_NS,wer,125.7
1212,DH,DT,NS,DT_NS,wer,131.1
1213,DH,DT,NS,DT_NS,wer,186.6
1214,DH,DT,NS,DT_NS,wer,152
1215,DH,DT,NS,DT_NS,wer,149.8
1216,DH,DT,NS,DT_NS,wer,165.3
1217,DH,DT,NS,DT_NS,wer,151.7
1218,DH,DT,NS,DT_NS,wer,117.9
1219,DH,DT,NS,DT_NS,wer,151
1220,DH,DT,NS,DT_NS,wer,150.7
1221,DH,DT,NS,DT_NS,wer,143.9
1222,DH,DT,NS,DT_NS,wer,177.3
1223,DH,DT,NS,DT_NS,wer,162.1
1224,DH,DT,NS,DT_NS,wer,153.8
1225,DH,DT,NS,DT_NS,wer,214.3
1226,DH,DT,NS,DT_NS,wer,115
1227,DH,DT,NS,DT_NS,wer,177.6
1228,DH,DT,NS,DT_NS,wer,142
1229,DH,DT,NS,DT_NS,cpc,135.6
1230,DH,DT,NS,DT_NS,cpc,156.8
1231,DH,DT,NS,DT_NS,cpc,127.6
1232,DH,DT,NS,DT_NS,cpc,168.5
1233,DH,DT,NS,DT_NS,cpc,218
1234,DH,DT,NS,DT_NS,cpc,203.4
1235,DH,DT,NS,DT_NS,cpc,132.1
1236,DH,DT,NS,DT_NS,cpc,148.2
1237,DH,DT,NS,DT_NS,cpc,231.5
1238,DH,DT,NS,DT_NS,cpc,78.7
1239,DH,DT,NS,DT_NS,cpc,170.5
1240,DH,DT,NS,DT_NS,cpc,156.2
1241,DH,DT,NS,DT_NS,cpc,187.1
1242,DH,DT,NS,DT_NS,cpc,174.6
1243,DH,DT,NS,DT_NS,cpc,128
1244,DH,DT,NS,DT_NS,cpc,168.5
1245,DH,DT,NS,DT_NS,cpc,159
1246,DH,DT,NS,DT_NS,cpc,101.4
1247,DH,DT,NS,DT_NS,cpc,150
1248,DH,DT,NS,DT_NS,cpc,155.9
1249,DH,DT,NS,DT_NS,rsl2rsl4,109.6
1250,DH,DT,NS,DT_NS,rsl2rsl4,160.3
1251,DH,DT,NS,DT_NS,rsl2rsl4,129.9
1252,DH,DT,NS,DT_NS,rsl2rsl4,165.7
1253,DH,DT,NS,DT_NS,rsl2rsl4,181.6
1254,DH,DT,NS,DT_NS,rsl2rsl4,131.9
1255,DH,DT,NS,DT_NS,rsl2rsl4,166.7
1256,DH,DT,NS,DT_NS,rsl2rsl4,161.2
1257,DH,DT,NS,DT_NS,rsl2rsl4,152.4
1258,DH,DT,NS,DT_NS,rsl2rsl4,168.4
1259,DH,DT,NS,DT_NS,rsl2rsl4,181.8
1260,DH,DT,NS,DT_NS,rsl2rsl4,154.2
1261,DH,DT,NS,DT_NS,rsl2rsl4,202.1
1262,DH,DT,NS,DT_NS,rsl2rsl4,222.7
1263,DH,DT,NS,DT_NS,rsl2rsl4,79.3
1264,DH,DT,NS,DT_NS,rsl2rsl4,213.7
1265,DH,DT,NS,DT_NS,rsl2rsl4,125.5
1266,DH,DT,NS,DT_NS,rsl2rsl4,190.4
1267,DH,DT,NS,DT_NS,rsl2rsl4,185.2
1268,DH,DT,NS,DT_NS,rsl2rsl4,209.9
1269,DH,DT,NS,DT_NS,rhd7,129.7
1270,DH,DT,NS,DT_NS,rhd7,104.4
1271,DH,DT,NS,DT_NS,rhd7,117.3
1272,DH,DT,NS,DT_NS,rhd7,125.8
1273,DH,DT,NS,DT_NS,rhd7,147.6
1274,DH,DT,NS,DT_NS,rhd7,171.3
1275,DH,DT,NS,DT_NS,rhd7,141.5
1276,DH,DT,NS,DT_NS,rhd7,110.4
1277,DH,DT,NS,DT_NS,rhd7,187.8
1278,DH,DT,NS,DT_NS,rhd7,78
1279,DH,DT,NS,DT_NS,rhd7,155.5
1280,DH,DT,NS,DT_NS,rhd7,89
1281,DH,DT,NS,DT_NS,rhd7,156.6
1282,DH,DT,NS,DT_NS,rhd7,120.8
1283,DH,DT,NS,DT_NS,rhd7,114.4
1284,DH,DT,NS,DT_NS,rhd7,145.2
1285,DH,DT,NS,DT_NS,rhd7,123.7
1286,DH,DT,NS,DT_NS,rhd7,95.5
1287,DH,DT,NS,DT_NS,rhd7,106.7
1288,DH,DT,NS,DT_NS,rhd7,105.7
1289,DH,WT,S,WT_S,Col_0,355.2
1290,DH,WT,S,WT_S,Col_0,250.4
1291,DH,WT,S,WT_S,Col_0,311
1292,DH,WT,S,WT_S,Col_0,292.8
1293,DH,WT,S,WT_S,Col_0,351.7
1294,DH,WT,S,WT_S,Col_0,26
1295,DH,WT,S,WT_S,Col_0,406.7
1296,DH,WT,S,WT_S,Col_0,312.8
1297,DH,WT,S,WT_S,Col_0,337.6
1298,DH,WT,S,WT_S,Col_0,348.5
1299,DH,WT,S,WT_S,Col_0,371.3
1300,DH,WT,S,WT_S,Col_0,255.8
1301,DH,WT,S,WT_S,gl2,288.7
1302,DH,WT,S,WT_S,gl2,361.6
1303,DH,WT,S,WT_S,gl2,246.3
1304,DH,WT,S,WT_S,gl2,340.6
1305,DH,WT,S,WT_S,gl2,247.7
1306,DH,WT,S,WT_S,gl2,276.1
1307,DH,WT,S,WT_S,gl2,295.7
1308,DH,WT,S,WT_S,gl2,330.8
1309,DH,WT,S,WT_S,gl2,286.5
1310,DH,WT,S,WT_S,gl2,305.4
1311,DH,WT,S,WT_S,gl2,271.9
1312,DH,WT,S,WT_S,gl2,360
1313,DH,WT,S,WT_S,rsl2rsl4,249.7
1314,DH,WT,S,WT_S,rsl2rsl4,237.2
1315,DH,WT,S,WT_S,rsl2rsl4,283.4
1316,DH,WT,S,WT_S,rsl2rsl4,261.4
1317,DH,WT,S,WT_S,rsl2rsl4,229.7
1318,DH,WT,S,WT_S,rsl2rsl4,236.5
1319,DH,WT,S,WT_S,rsl2rsl4,268.3
1320,DH,WT,S,WT_S,rsl2rsl4,276
1321,DH,WT,S,WT_S,rsl2rsl4,333
1322,DH,WT,S,WT_S,rsl2rsl4,283
1323,DH,WT,S,WT_S,rsl2rsl4,250.8
1324,DH,WT,S,WT_S,rsl2rsl4,265.6
1325,DH,WT,S,WT_S,cpc,292.6
1326,DH,WT,S,WT_S,cpc,282.4
1327,DH,WT,S,WT_S,cpc,328.7
1328,DH,WT,S,WT_S,cpc,323.5
1329,DH,WT,S,WT_S,cpc,336.8
1330,DH,WT,S,WT_S,cpc,279.3
1331,DH,WT,S,WT_S,cpc,344
1332,DH,WT,S,WT_S,cpc,338.2
1333,DH,WT,S,WT_S,cpc,320.4
1334,DH,WT,S,WT_S,cpc,298
1335,DH,WT,S,WT_S,cpc,319.5
1336,DH,WT,S,WT_S,cpc,298.6
1337,DH,WT,S,WT_S,rhd7,256.3
1338,DH,WT,S,WT_S,rhd7,193.3
1339,DH,WT,S,WT_S,rhd7,243.3
1340,DH,WT,S,WT_S,rhd7,282
1341,DH,WT,S,WT_S,rhd7,184.4
1342,DH,WT,S,WT_S,rhd7,237.2
1343,DH,WT,S,WT_S,rhd7,172
1344,DH,WT,S,WT_S,rhd7,283.2
1345,DH,WT,S,WT_S,rhd7,230
1346,DH,WT,S,WT_S,rhd7,245.5
1347,DH,WT,S,WT_S,rhd7,209.2
1348,DH,WT,S,WT_S,rhd7,228.4
1349,DH,WT,S,WT_S,wer,228
1350,DH,WT,S,WT_S,wer,222.4
1351,DH,WT,S,WT_S,wer,233.4
1352,DH,WT,S,WT_S,wer,233.2
1353,DH,WT,S,WT_S,wer,228.2
1354,DH,WT,S,WT_S,wer,244.1
1355,DH,WT,S,WT_S,wer,174.2
1356,DH,WT,S,WT_S,wer,219.3
1357,DH,WT,S,WT_S,wer,261.3
1358,DH,WT,S,WT_S,wer,199
1359,DH,WT,S,WT_S,wer,220.8
1360,DH,WT,S,WT_S,wer,234.3
1361,DH,WT,S_soil,WT_S_soil,Col_0,310
1362,DH,WT,S_soil,WT_S_soil,Col_0,356.1
1363,DH,WT,S_soil,WT_S_soil,Col_0,45.7
1364,DH,WT,S_soil,WT_S_soil,Col_0,283.9
1365,DH,WT,S_soil,WT_S_soil,Col_0,334.1
1366,DH,WT,S_soil,WT_S_soil,Col_0,382.1
1367,DH,WT,S_soil,WT_S_soil,Col_0,333.9
1368,DH,WT,S_soil,WT_S_soil,Col_0,304.3
1369,DH,WT,S_soil,WT_S_soil,Col_0,382
1370,DH,WT,S_soil,WT_S_soil,Col_0,312.6
1371,DH,WT,S_soil,WT_S_soil,Col_0,366.6
1372,DH,WT,S_soil,WT_S_soil,Col_0,292.6
1373,DH,WT,S_soil,WT_S_soil,rhd7,265.2
1374,DH,WT,S_soil,WT_S_soil,rhd7,234.8
1375,DH,WT,S_soil,WT_S_soil,rhd7,212.1
1376,DH,WT,S_soil,WT_S_soil,rhd7,218.1
1377,DH,WT,S_soil,WT_S_soil,rhd7,268.2
1378,DH,WT,S_soil,WT_S_soil,rhd7,165.4
1379,DH,WT,S_soil,WT_S_soil,rhd7,148.1
1380,DH,WT,S_soil,WT_S_soil,rhd7,218.9
1381,DH,WT,S_soil,WT_S_soil,rhd7,149.3
1382,DH,WT,S_soil,WT_S_soil,rhd7,183
1383,DH,WT,S_soil,WT_S_soil,rhd7,238.2
1384,DH,WT,S_soil,WT_S_soil,rhd7,236.2
1385,DH,WT,S_soil,WT_S_soil,wer,203.3
1386,DH,WT,S_soil,WT_S_soil,wer,202.3
1387,DH,WT,S_soil,WT_S_soil,wer,241.9
1388,DH,WT,S_soil,WT_S_soil,wer,236.6
1389,DH,WT,S_soil,WT_S_soil,wer,201.9
1390,DH,WT,S_soil,WT_S_soil,wer,220.7
1391,DH,WT,S_soil,WT_S_soil,wer,238.2
1392,DH,WT,S_soil,WT_S_soil,wer,236.6
1393,DH,WT,S_soil,WT_S_soil,wer,178.2
1394,DH,WT,S_soil,WT_S_soil,wer,236.4
1395,DH,WT,S_soil,WT_S_soil,wer,242.4
1396,DH,WT,S_soil,WT_S_soil,wer,249.1
1397,DH,WT,S_soil,WT_S_soil,cpc,258.2
1398,DH,WT,S_soil,WT_S_soil,cpc,261.1
1399,DH,WT,S_soil,WT_S_soil,cpc,266.1
1400,DH,WT,S_soil,WT_S_soil,cpc,217.2
1401,DH,WT,S_soil,WT_S_soil,cpc,232.2
1402,DH,WT,S_soil,WT_S_soil,cpc,228.3
1403,DH,WT,S_soil,WT_S_soil,cpc,271.6
1404,DH,WT,S_soil,WT_S_soil,cpc,357.9
1405,DH,WT,S_soil,WT_S_soil,cpc,329.7
1406,DH,WT,S_soil,WT_S_soil,cpc,168.4
1407,DH,WT,S_soil,WT_S_soil,cpc,211.4
1408,DH,WT,S_soil,WT_S_soil,cpc,275.4
1409,DH,WT,S_soil,WT_S_soil,rsl2rsl4,225
1410,DH,WT,S_soil,WT_S_soil,rsl2rsl4,354.1
1411,DH,WT,S_soil,WT_S_soil,rsl2rsl4,275.7
1412,DH,WT,S_soil,WT_S_soil,rsl2rsl4,256.6
1413,DH,WT,S_soil,WT_S_soil,rsl2rsl4,228.2
1414,DH,WT,S_soil,WT_S_soil,rsl2rsl4,241.2
1415,DH,WT,S_soil,WT_S_soil,rsl2rsl4,243.8
1416,DH,WT,S_soil,WT_S_soil,rsl2rsl4,167.2
1417,DH,WT,S_soil,WT_S_soil,rsl2rsl4,298.5
1418,DH,WT,S_soil,WT_S_soil,rsl2rsl4,216.7
1419,DH,WT,S_soil,WT_S_soil,rsl2rsl4,326.6
1420,DH,WT,S_soil,WT_S_soil,rsl2rsl4,278.2
1421,DH,WT,S_soil,WT_S_soil,gl2,317
1422,DH,WT,S_soil,WT_S_soil,gl2,256.1
1423,DH,WT,S_soil,WT_S_soil,gl2,412.3
1424,DH,WT,S_soil,WT_S_soil,gl2,301
1425,DH,WT,S_soil,WT_S_soil,gl2,304.9
1426,DH,WT,S_soil,WT_S_soil,gl2,270.8
1427,DH,WT,S_soil,WT_S_soil,gl2,296.5
1428,DH,WT,S_soil,WT_S_soil,gl2,361.2
1429,DH,WT,S_soil,WT_S_soil,gl2,309.1
1430,DH,WT,S_soil,WT_S_soil,gl2,272.5
1431,DH,WT,S_soil,WT_S_soil,gl2,246
1432,DH,WT,S_soil,WT_S_soil,gl2,272.2
1433,DH,WT,NS,WT_NS,cpc,168.7
1434,DH,WT,NS,WT_NS,cpc,196.2
1435,DH,WT,NS,WT_NS,cpc,170
1436,DH,WT,NS,WT_NS,cpc,215.1
1437,DH,WT,NS,WT_NS,cpc,150.4
1438,DH,WT,NS,WT_NS,cpc,147.9
1439,DH,WT,NS,WT_NS,cpc,289.2
1440,DH,WT,NS,WT_NS,cpc,112.3
1441,DH,WT,NS,WT_NS,cpc,123.1
1442,DH,WT,NS,WT_NS,cpc,262.7
1443,DH,WT,NS,WT_NS,cpc,249.1
1444,DH,WT,NS,WT_NS,cpc,213.3
1445,DH,WT,NS,WT_NS,wer,212.5
1446,DH,WT,NS,WT_NS,wer,230
1447,DH,WT,NS,WT_NS,wer,227.9
1448,DH,WT,NS,WT_NS,wer,209.4
1449,DH,WT,NS,WT_NS,wer,180.7
1450,DH,WT,NS,WT_NS,wer,190.7
1451,DH,WT,NS,WT_NS,wer,293.3
1452,DH,WT,NS,WT_NS,wer,141
1453,DH,WT,NS,WT_NS,wer,251.1
1454,DH,WT,NS,WT_NS,wer,178.4
1455,DH,WT,NS,WT_NS,wer,240.4
1456,DH,WT,NS,WT_NS,wer,201.2
1457,DH,WT,NS,WT_NS,Col_0,323.3
1458,DH,WT,NS,WT_NS,Col_0,234
1459,DH,WT,NS,WT_NS,Col_0,191.9
1460,DH,WT,NS,WT_NS,Col_0,281.9
1461,DH,WT,NS,WT_NS,Col_0,185
1462,DH,WT,NS,WT_NS,Col_0,283.3
1463,DH,WT,NS,WT_NS,Col_0,286.6
1464,DH,WT,NS,WT_NS,Col_0,238.2
1465,DH,WT,NS,WT_NS,Col_0,301.2
1466,DH,WT,NS,WT_NS,Col_0,265.7
1467,DH,WT,NS,WT_NS,Col_0,290.7
1468,DH,WT,NS,WT_NS,Col_0,221.3
1469,DH,WT,NS,WT_NS,gl2,261.4
1470,DH,WT,NS,WT_NS,gl2,231.3
1471,DH,WT,NS,WT_NS,gl2,164.1
1472,DH,WT,NS,WT_NS,gl2,216.6
1473,DH,WT,NS,WT_NS,gl2,140.3
1474,DH,WT,NS,WT_NS,gl2,220
1475,DH,WT,NS,WT_NS,gl2,232.6
1476,DH,WT,NS,WT_NS,gl2,214.6
1477,DH,WT,NS,WT_NS,gl2,228.3
1478,DH,WT,NS,WT_NS,gl2,216.5
1479,DH,WT,NS,WT_NS,gl2,150.3
1480,DH,WT,NS,WT_NS,gl2,187.1
1481,DH,WT,NS,WT_NS,rhd7,128.1
1482,DH,WT,NS,WT_NS,rhd7,105.6
1483,DH,WT,NS,WT_NS,rhd7,198.3
1484,DH,WT,NS,WT_NS,rhd7,179.3
1485,DH,WT,NS,WT_NS,rhd7,110
1486,DH,WT,NS,WT_NS,rhd7,168.8
1487,DH,WT,NS,WT_NS,rhd7,115.9
1488,DH,WT,NS,WT_NS,rhd7,132.4
1489,DH,WT,NS,WT_NS,rhd7,180.8
1490,DH,WT,NS,WT_NS,rhd7,141.8
1491,DH,WT,NS,WT_NS,rhd7,80.2
1492,DH,WT,NS,WT_NS,rhd7,112.3
1493,DH,WT,NS,WT_NS,rsl2rsl4,146.4
1494,DH,WT,NS,WT_NS,rsl2rsl4,179.1
1495,DH,WT,NS,WT_NS,rsl2rsl4,170.3
1496,DH,WT,NS,WT_NS,rsl2rsl4,170.8
1497,DH,WT,NS,WT_NS,rsl2rsl4,156.2
1498,DH,WT,NS,WT_NS,rsl2rsl4,156.8
1499,DH,WT,NS,WT_NS,rsl2rsl4,186
1500,DH,WT,NS,WT_NS,rsl2rsl4,175.3
1501,DH,WT,NS,WT_NS,rsl2rsl4,218.1
1502,DH,WT,NS,WT_NS,rsl2rsl4,159.1
1503,DH,WT,NS,WT_NS,rsl2rsl4,183
1504,DH,WT,NS,WT_NS,rsl2rsl4,248.8